<annotation>
	<folder>damage</folder>
	<filename>4501.jpg</filename>
	<path>/Users/lk/Desktop/无人机灾害定位-数据收集与制作/#test/bdd_randmosaic_test/damage/4501.jpg</path>
	<source>
		<database>Unknown</database>
	</source>
	<size>
		<width>448</width>
		<height>448</height>
		<depth>3</depth>
	</size>
	<segmented>0</segmented>
	<object>
		<name>damage</name>
		<pose>Unspecified</pose>
		<truncated>0</truncated>
		<difficult>0</difficult>
		<bndbox>
			<xmin>32</xmin>
			<ymin>34</ymin>
			<xmax>297</xmax>
			<ymax>248</ymax>
		</bndbox>
	</object>
</annotation>
