<annotation>
	<folder>damage</folder>
	<filename>4505.jpg</filename>
	<path>/Users/lk/Desktop/无人机灾害定位-数据收集与制作/#test/bdd_randmosaic_test/damage/4505.jpg</path>
	<source>
		<database>Unknown</database>
	</source>
	<size>
		<width>448</width>
		<height>448</height>
		<depth>3</depth>
	</size>
	<segmented>0</segmented>
	<object>
		<name>damage</name>
		<pose>Unspecified</pose>
		<truncated>0</truncated>
		<difficult>0</difficult>
		<bndbox>
			<xmin>277</xmin>
			<ymin>190</ymin>
			<xmax>430</xmax>
			<ymax>270</ymax>
		</bndbox>
	</object>
</annotation>
